file,class,method,variable,usage
/Users/palesnow/Downloads/ood1/ud282-master/Project 1 - TicTacToe/src/main/java/com/udacity/GameUI.java,com.udacity.GameUI,GameUI/1[com.udacity.Game],game,4
/Users/palesnow/Downloads/ood1/ud282-master/Project 1 - TicTacToe/src/main/java/com/udacity/GameUI.java,com.udacity.GameUI,GameUI/1[com.udacity.Game],grid,1
/Users/palesnow/Downloads/ood1/ud282-master/Project 1 - TicTacToe/src/main/java/com/udacity/GameUI.java,com.udacity.GameUI,GameUI/1[com.udacity.Game],x,1
/Users/palesnow/Downloads/ood1/ud282-master/Project 1 - TicTacToe/src/main/java/com/udacity/GameUI.java,com.udacity.GameUI,GameUI/1[com.udacity.Game],o,1
/Users/palesnow/Downloads/ood1/ud282-master/Project 1 - TicTacToe/src/main/java/com/udacity/GameUI.java,com.udacity.GameUI,GameUI/1[com.udacity.Game],frame,6
/Users/palesnow/Downloads/ood1/ud282-master/Project 1 - TicTacToe/src/main/java/com/udacity/GameUI.java,com.udacity.GameUI,paint/1[java.awt.Graphics],game,2
/Users/palesnow/Downloads/ood1/ud282-master/Project 1 - TicTacToe/src/main/java/com/udacity/GameUI.java,com.udacity.GameUI,paint/1[java.awt.Graphics],grid,1
/Users/palesnow/Downloads/ood1/ud282-master/Project 1 - TicTacToe/src/main/java/com/udacity/GameUI.java,com.udacity.GameUI,paint/1[java.awt.Graphics],x,1
/Users/palesnow/Downloads/ood1/ud282-master/Project 1 - TicTacToe/src/main/java/com/udacity/GameUI.java,com.udacity.GameUI,paint/1[java.awt.Graphics],o,1
/Users/palesnow/Downloads/ood1/ud282-master/Project 1 - TicTacToe/src/main/java/com/udacity/GameUI.java,com.udacity.GameUI,"panelMouseClicked/2[int,int]",game,4
/Users/palesnow/Downloads/ood1/ud282-master/Project 1 - TicTacToe/src/main/java/com/udacity/GameUI.java,com.udacity.GameUI,newGameButtonPressed/1[boolean],game,1
/Users/palesnow/Downloads/ood1/ud282-master/Project 1 - TicTacToe/src/test/java/com/udacity/GameTest.java,com.udacity.GameTest,tie_game_case2/0,game,1
/Users/palesnow/Downloads/ood1/ud282-master/Project 1 - TicTacToe/src/test/java/com/udacity/GameTest.java,com.udacity.GameTest,setUp/0,game,1
/Users/palesnow/Downloads/ood1/ud282-master/Project 1 - TicTacToe/src/test/java/com/udacity/GameTest.java,com.udacity.GameTest,vertical_o_win_case2/0,game,1
/Users/palesnow/Downloads/ood1/ud282-master/Project 1 - TicTacToe/src/test/java/com/udacity/GameTest.java,com.udacity.GameTest,no_winner_case1/0,game,1
/Users/palesnow/Downloads/ood1/ud282-master/Project 1 - TicTacToe/src/test/java/com/udacity/GameTest.java,com.udacity.GameTest,horizontal_o_win_case2/0,game,1
/Users/palesnow/Downloads/ood1/ud282-master/Project 1 - TicTacToe/src/test/java/com/udacity/GameTest.java,com.udacity.GameTest,vertical_o_win_case3/0,game,1
/Users/palesnow/Downloads/ood1/ud282-master/Project 1 - TicTacToe/src/test/java/com/udacity/GameTest.java,com.udacity.GameTest,tie_game_case3/0,game,1
/Users/palesnow/Downloads/ood1/ud282-master/Project 1 - TicTacToe/src/test/java/com/udacity/GameTest.java,com.udacity.GameTest,diagonal_o_win_case1/0,game,1
/Users/palesnow/Downloads/ood1/ud282-master/Project 1 - TicTacToe/src/test/java/com/udacity/GameTest.java,com.udacity.GameTest,vertical_x_win_case1/0,game,1
/Users/palesnow/Downloads/ood1/ud282-master/Project 1 - TicTacToe/src/test/java/com/udacity/GameTest.java,com.udacity.GameTest,horizontal_o_win_case3/0,game,1
/Users/palesnow/Downloads/ood1/ud282-master/Project 1 - TicTacToe/src/test/java/com/udacity/GameTest.java,com.udacity.GameTest,no_winner_case4/0,game,1
/Users/palesnow/Downloads/ood1/ud282-master/Project 1 - TicTacToe/src/test/java/com/udacity/GameTest.java,com.udacity.GameTest,horizontal_x_win_case2/0,game,1
/Users/palesnow/Downloads/ood1/ud282-master/Project 1 - TicTacToe/src/test/java/com/udacity/GameTest.java,com.udacity.GameTest,diagonal_o_win_case2/0,game,1
/Users/palesnow/Downloads/ood1/ud282-master/Project 1 - TicTacToe/src/test/java/com/udacity/GameTest.java,com.udacity.GameTest,vertical_x_win_case2/0,game,1
/Users/palesnow/Downloads/ood1/ud282-master/Project 1 - TicTacToe/src/test/java/com/udacity/GameTest.java,com.udacity.GameTest,diagonal_x_win_case2/0,game,1
/Users/palesnow/Downloads/ood1/ud282-master/Project 1 - TicTacToe/src/test/java/com/udacity/GameTest.java,com.udacity.GameTest,horizontal_x_win_case1/0,game,1
/Users/palesnow/Downloads/ood1/ud282-master/Project 1 - TicTacToe/src/test/java/com/udacity/GameTest.java,com.udacity.GameTest,horizontal_x_win_case3/0,game,1
/Users/palesnow/Downloads/ood1/ud282-master/Project 1 - TicTacToe/src/test/java/com/udacity/GameTest.java,com.udacity.GameTest,no_winner_case3/0,game,1
/Users/palesnow/Downloads/ood1/ud282-master/Project 1 - TicTacToe/src/test/java/com/udacity/GameTest.java,com.udacity.GameTest,horizontal_o_win_case1/0,game,1
/Users/palesnow/Downloads/ood1/ud282-master/Project 1 - TicTacToe/src/test/java/com/udacity/GameTest.java,com.udacity.GameTest,vertical_o_win_case1/0,game,1
/Users/palesnow/Downloads/ood1/ud282-master/Project 1 - TicTacToe/src/test/java/com/udacity/GameTest.java,com.udacity.GameTest,vertical_x_win_case3/0,game,1
/Users/palesnow/Downloads/ood1/ud282-master/Project 1 - TicTacToe/src/test/java/com/udacity/GameTest.java,com.udacity.GameTest,tie_game_case1/0,game,1
/Users/palesnow/Downloads/ood1/ud282-master/Project 1 - TicTacToe/src/test/java/com/udacity/GameTest.java,com.udacity.GameTest,diagonal_x_win_case1/0,game,1
/Users/palesnow/Downloads/ood1/ud282-master/Project 1 - TicTacToe/src/test/java/com/udacity/GameTest.java,com.udacity.GameTest,no_winner_case2/0,game,1
/Users/palesnow/Downloads/ood1/ud282-master/Project 1 - TicTacToe/src/main/java/com/udacity/Game.java,com.udacity.Game,newGame/1[boolean],grid,2
/Users/palesnow/Downloads/ood1/ud282-master/Project 1 - TicTacToe/src/main/java/com/udacity/Game.java,com.udacity.Game,newGame/1[boolean],twoPlayer,3
/Users/palesnow/Downloads/ood1/ud282-master/Project 1 - TicTacToe/src/main/java/com/udacity/Game.java,com.udacity.Game,newGame/1[boolean],freeSpots,1
/Users/palesnow/Downloads/ood1/ud282-master/Project 1 - TicTacToe/src/main/java/com/udacity/Game.java,com.udacity.Game,newGame/1[boolean],turn,1
/Users/palesnow/Downloads/ood1/ud282-master/Project 1 - TicTacToe/src/main/java/com/udacity/Game.java,com.udacity.Game,doChecks/0,grid,1
/Users/palesnow/Downloads/ood1/ud282-master/Project 1 - TicTacToe/src/main/java/com/udacity/Game.java,com.udacity.Game,doChecks/0,gui,1
/Users/palesnow/Downloads/ood1/ud282-master/Project 1 - TicTacToe/src/main/java/com/udacity/Game.java,com.udacity.Game,"playAt/2[int,int]",grid,2
/Users/palesnow/Downloads/ood1/ud282-master/Project 1 - TicTacToe/src/main/java/com/udacity/Game.java,com.udacity.Game,"playAt/2[int,int]",freeSpots,1
/Users/palesnow/Downloads/ood1/ud282-master/Project 1 - TicTacToe/src/main/java/com/udacity/Game.java,com.udacity.Game,"playAt/2[int,int]",turn,1
/Users/palesnow/Downloads/ood1/ud282-master/Project 1 - TicTacToe/src/main/java/com/udacity/Game.java,com.udacity.Game,main/1[java.lang.String[]],gui,1
/Users/palesnow/Downloads/ood1/ud282-master/Project 1 - TicTacToe/src/main/java/com/udacity/Game.java,com.udacity.Game,checkGameWinner/1[char[][]],grid,2
/Users/palesnow/Downloads/ood1/ud282-master/Project 1 - TicTacToe/src/main/java/com/udacity/Game.java,com.udacity.Game,nextTurn/0,grid,2
/Users/palesnow/Downloads/ood1/ud282-master/Project 1 - TicTacToe/src/main/java/com/udacity/Game.java,com.udacity.Game,nextTurn/0,twoPlayer,1
/Users/palesnow/Downloads/ood1/ud282-master/Project 1 - TicTacToe/src/main/java/com/udacity/Game.java,com.udacity.Game,nextTurn/0,freeSpots,2
/Users/palesnow/Downloads/ood1/ud282-master/Project 1 - TicTacToe/src/main/java/com/udacity/Game.java,com.udacity.Game,nextTurn/0,turn,3
/Users/palesnow/Downloads/ood1/ud282-master/Project 1 - TicTacToe/src/main/java/com/udacity/Game.java,com.udacity.Game,"gridAt/2[int,int]",grid,1
/Users/palesnow/Downloads/ood1/ud282-master/Project 1 - TicTacToe/src/main/java/com/udacity/Game.java,com.udacity.Game,toString/0,grid,1
